date,time_slot,semester_phase,academic_workload,classes_ending_nearby,campus_event_flag,event_type,sports_prev_crowd,sports_visitors,sports_capacity,sports_load_pct,sports_overcrowded,library_occupancy,library_capacity,library_load_pct,food_orders_demand,food_surplus_shortage_risk,campus_pulse_index
2026-08-03,08:00-10:00,Regular,3,2,0,None,20,43,120,35.83,0,38,250,15.2,35,0,0.26
2026-08-03,10:00-12:00,Regular,3,0,0,None,43,23,120,19.17,0,40,250,16.0,45,0,0.206
2026-08-03,12:00-14:00,Regular,3,6,1,None,23,21,120,17.5,0,48,250,19.2,183,1,0.473
2026-08-03,14:00-16:00,Regular,3,0,1,None,21,27,120,22.5,0,54,250,21.6,47,0,0.236
2026-08-03,16:00-18:00,Regular,3,8,0,None,27,79,120,65.83,0,21,250,8.4,67,0,0.443
2026-08-03,18:00-20:00,Regular,3,0,0,None,79,88,120,73.33,0,60,250,24.0,111,0,0.594
2026-08-03,20:00-22:00,Regular,3,0,1,Sports_Tournament,88,103,120,85.83,1,67,250,26.8,126,0,0.685
2026-08-04,08:00-10:00,Regular,2,2,0,None,20,50,120,41.67,0,24,250,9.6,33,0,0.271
2026-08-04,10:00-12:00,Regular,2,1,0,None,50,18,120,15.0,0,25,250,10.0,36,0,0.158
2026-08-04,12:00-14:00,Regular,2,8,0,None,18,19,120,15.83,0,53,250,21.2,152,1,0.409
2026-08-04,14:00-16:00,Regular,2,2,0,None,19,22,120,18.33,0,48,250,19.2,49,0,0.216
2026-08-04,16:00-18:00,Regular,2,8,0,None,22,81,120,67.5,0,17,250,6.8,57,0,0.428
2026-08-04,18:00-20:00,Regular,2,0,0,None,81,84,120,70.0,0,65,250,26.0,107,0,0.575
2026-08-04,20:00-22:00,Regular,2,2,0,None,84,69,120,57.5,0,74,250,29.6,123,0,0.557
2026-08-05,08:00-10:00,Regular,3,0,0,None,20,42,120,35.0,0,32,250,12.8,29,0,0.239
2026-08-05,10:00-12:00,Regular,3,1,0,None,42,23,120,19.17,0,37,250,14.8,32,0,0.178
2026-08-05,12:00-14:00,Regular,3,7,0,None,23,9,120,7.5,0,56,250,22.4,138,1,0.347
2026-08-05,14:00-16:00,Regular,3,2,0,None,9,21,120,17.5,0,27,250,10.8,53,0,0.203
2026-08-05,16:00-18:00,Regular,3,5,1,Sports_Tournament,21,113,120,94.17,1,27,250,10.8,106,0,0.651
2026-08-05,18:00-20:00,Regular,3,0,0,None,113,89,120,74.17,0,65,250,26.0,93,0,0.567
2026-08-05,20:00-22:00,Regular,3,0,0,None,89,70,120,58.33,0,66,250,26.4,113,0,0.535
2026-08-06,08:00-10:00,Regular,4,1,0,None,20,47,120,39.17,0,25,250,10.0,49,0,0.292
2026-08-06,10:00-12:00,Regular,4,0,0,None,47,20,120,16.67,0,25,250,10.0,34,0,0.161
2026-08-06,12:00-14:00,Regular,4,5,0,None,20,12,120,10.0,0,41,250,16.4,135,1,0.34
2026-08-06,14:00-16:00,Regular,4,1,0,None,12,16,120,13.33,0,45,250,18.0,46,0,0.185
2026-08-06,16:00-18:00,Regular,4,8,0,None,16,76,120,63.33,0,11,250,4.4,78,0,0.445
2026-08-06,18:00-20:00,Regular,4,1,1,Sports_Tournament,76,113,120,94.17,1,69,250,27.6,137,1,0.745
2026-08-06,20:00-22:00,Regular,4,0,1,Sports_Tournament,113,123,120,102.5,1,79,250,31.6,118,0,0.754
2026-08-07,08:00-10:00,Regular,3,1,0,None,20,47,120,39.17,0,34,250,13.6,49,0,0.299
2026-08-07,10:00-12:00,Regular,3,1,0,None,47,19,120,15.83,0,32,250,12.8,63,0,0.219
2026-08-07,12:00-14:00,Regular,3,5,0,None,19,19,120,15.83,0,38,250,15.2,148,1,0.389
2026-08-07,14:00-16:00,Regular,3,2,0,None,19,21,120,17.5,0,55,250,22.0,51,0,0.222
2026-08-07,16:00-18:00,Regular,3,7,0,None,21,80,120,66.67,0,20,250,8.0,68,0,0.448
2026-08-07,18:00-20:00,Regular,3,0,0,None,80,87,120,72.5,0,67,250,26.8,113,0,0.6
2026-08-07,20:00-22:00,Regular,3,1,0,None,87,71,120,59.17,0,73,250,29.2,112,0,0.542
2026-08-08,08:00-10:00,Regular,4,0,0,None,20,56,120,46.67,0,35,250,14.0,27,0,0.291
2026-08-08,10:00-12:00,Regular,4,0,0,None,56,36,120,30.0,0,36,250,14.4,46,0,0.253
2026-08-08,12:00-14:00,Regular,4,0,0,None,36,43,120,35.83,0,20,250,8.0,112,0,0.395
2026-08-08,14:00-16:00,Regular,4,0,0,None,43,36,120,30.0,0,27,250,10.8,24,0,0.203
2026-08-08,16:00-18:00,Regular,4,0,0,None,36,92,120,76.67,0,34,250,13.6,47,0,0.464
2026-08-08,18:00-20:00,Regular,4,0,0,None,92,105,120,87.5,1,94,250,37.6,94,0,0.652
2026-08-08,20:00-22:00,Regular,4,0,0,None,105,90,120,75.0,0,69,250,27.6,112,0,0.61
2026-08-09,08:00-10:00,Regular,4,0,0,None,20,60,120,50.0,0,17,250,6.8,46,0,0.328
2026-08-09,10:00-12:00,Regular,4,0,0,None,60,40,120,33.33,0,50,250,20.0,37,0,0.262
2026-08-09,12:00-14:00,Regular,4,0,0,None,40,26,120,21.67,0,26,250,10.4,126,0,0.363
2026-08-09,14:00-16:00,Regular,4,0,0,None,26,35,120,29.17,0,32,250,12.8,18,0,0.192
2026-08-09,16:00-18:00,Regular,4,0,0,None,35,87,120,72.5,0,23,250,9.2,36,0,0.415
2026-08-09,18:00-20:00,Regular,4,0,0,None,87,92,120,76.67,0,78,250,31.2,104,0,0.61
2026-08-09,20:00-22:00,Regular,4,0,0,None,92,78,120,65.0,0,81,250,32.4,99,0,0.55
2026-08-10,08:00-10:00,Regular,3,0,0,None,20,36,120,30.0,0,20,250,8.0,51,0,0.25
2026-08-10,10:00-12:00,Regular,3,2,0,None,36,14,120,11.67,0,23,250,9.2,37,0,0.143
2026-08-10,12:00-14:00,Regular,3,8,1,None,14,19,120,15.83,0,52,250,20.8,187,1,0.476
2026-08-10,14:00-16:00,Regular,3,1,0,None,19,17,120,14.17,0,54,250,21.6,33,0,0.171
2026-08-10,16:00-18:00,Regular,3,6,0,None,17,75,120,62.5,0,20,250,8.0,54,0,0.402
2026-08-10,18:00-20:00,Regular,3,1,0,None,75,85,120,70.83,0,70,250,28.0,102,0,0.573
2026-08-10,20:00-22:00,Regular,3,0,0,None,85,69,120,57.5,0,79,250,31.6,106,0,0.528
2026-08-11,08:00-10:00,Regular,2,2,0,None,20,48,120,40.0,0,34,250,13.6,45,0,0.295
2026-08-11,10:00-12:00,Regular,2,0,0,None,48,26,120,21.67,0,17,250,6.8,18,0,0.146
2026-08-11,12:00-14:00,Regular,2,6,0,None,26,23,120,19.17,0,54,250,21.6,131,0,0.384
2026-08-11,14:00-16:00,Regular,2,1,0,None,23,18,120,15.0,0,45,250,18.0,39,0,0.179
2026-08-11,16:00-18:00,Regular,2,5,0,None,18,79,120,65.83,0,41,250,16.4,42,0,0.411
2026-08-11,18:00-20:00,Regular,2,2,0,None,79,97,120,80.83,1,68,250,27.2,133,0,0.677
2026-08-11,20:00-22:00,Regular,2,0,0,None,97,66,120,55.0,0,69,250,27.6,88,0,0.474
2026-08-12,08:00-10:00,Regular,3,1,0,None,20,35,120,29.17,0,28,250,11.2,49,0,0.249
2026-08-12,10:00-12:00,Regular,3,0,0,None,35,21,120,17.5,0,28,250,11.2,44,0,0.187
2026-08-12,12:00-14:00,Regular,3,6,0,None,21,20,120,16.67,0,39,250,15.6,146,1,0.39
2026-08-12,14:00-16:00,Regular,3,2,0,None,20,18,120,15.0,0,52,250,20.8,47,0,0.2
2026-08-12,16:00-18:00,Regular,3,8,0,None,18,74,120,61.67,0,40,250,16.0,56,0,0.418
2026-08-12,18:00-20:00,Regular,3,2,0,None,74,84,120,70.0,0,67,250,26.8,124,0,0.61
2026-08-12,20:00-22:00,Regular,3,0,0,None,84,78,120,65.0,0,64,250,25.6,116,0,0.569
2026-08-13,08:00-10:00,Regular,2,2,0,None,20,41,120,34.17,0,28,250,11.2,57,0,0.287
2026-08-13,10:00-12:00,Regular,2,1,0,None,41,20,120,16.67,0,15,250,6.0,45,0,0.175
2026-08-13,12:00-14:00,Regular,2,7,0,None,20,17,120,14.17,0,50,250,20.0,147,1,0.39
2026-08-13,14:00-16:00,Regular,2,1,0,None,17,23,120,19.17,0,43,250,17.2,38,0,0.195
2026-08-13,16:00-18:00,Regular,2,5,1,Sports_Tournament,23,114,120,95.0,1,26,250,10.4,81,0,0.606
2026-08-13,18:00-20:00,Regular,2,0,0,None,114,97,120,80.83,1,71,250,28.4,99,0,0.613
2026-08-13,20:00-22:00,Regular,2,0,0,None,97,77,120,64.17,0,75,250,30.0,101,0,0.545
2026-08-14,08:00-10:00,Regular,3,2,0,None,20,41,120,34.17,0,42,250,16.8,49,0,0.283
2026-08-14,10:00-12:00,Regular,3,0,0,None,41,26,120,21.67,0,38,250,15.2,33,0,0.192
2026-08-14,12:00-14:00,Regular,3,6,0,None,26,21,120,17.5,0,48,250,19.2,132,0,0.374
2026-08-14,14:00-16:00,Regular,3,0,0,None,21,25,120,20.83,0,44,250,17.6,31,0,0.189
2026-08-14,16:00-18:00,Regular,3,5,0,None,25,85,120,70.83,0,39,250,15.6,46,0,0.439
2026-08-14,18:00-20:00,Regular,3,2,0,None,85,89,120,74.17,0,61,250,24.4,114,0,0.604
2026-08-14,20:00-22:00,Regular,3,0,1,Sports_Tournament,89,105,120,87.5,1,74,250,29.6,140,1,0.725
2026-08-15,08:00-10:00,Regular,3,0,0,None,20,50,120,41.67,0,10,250,4.0,38,0,0.269
2026-08-15,10:00-12:00,Regular,3,0,0,None,50,32,120,26.67,0,12,250,4.8,43,0,0.213
2026-08-15,12:00-14:00,Regular,3,0,1,None,32,37,120,30.83,0,19,250,7.6,140,1,0.426
2026-08-15,14:00-16:00,Regular,3,0,0,None,37,29,120,24.17,0,20,250,8.0,53,0,0.228
2026-08-15,16:00-18:00,Regular,3,0,0,None,29,90,120,75.0,0,23,250,9.2,34,0,0.422
2026-08-15,18:00-20:00,Regular,3,0,0,None,90,98,120,81.67,1,60,250,24.0,123,0,0.655
2026-08-15,20:00-22:00,Regular,3,0,0,None,98,81,120,67.5,0,59,250,23.6,104,0,0.553
2026-08-16,08:00-10:00,Regular,2,0,0,None,20,45,120,37.5,0,41,250,16.4,23,0,0.246
2026-08-16,10:00-12:00,Regular,2,0,0,None,45,35,120,29.17,0,33,250,13.2,45,0,0.245
2026-08-16,12:00-14:00,Regular,2,0,0,None,35,35,120,29.17,0,29,250,11.6,133,0,0.413
2026-08-16,14:00-16:00,Regular,2,0,0,None,35,41,120,34.17,0,24,250,9.6,41,0,0.253
2026-08-16,16:00-18:00,Regular,2,0,0,None,41,93,120,77.5,0,23,250,9.2,52,0,0.468
2026-08-16,18:00-20:00,Regular,2,0,0,None,93,99,120,82.5,1,70,250,28.0,111,0,0.643
2026-08-16,20:00-22:00,Regular,2,0,0,None,99,95,120,79.17,0,71,250,28.4,116,0,0.639
2026-08-17,08:00-10:00,Regular,3,2,0,None,20,40,120,33.33,0,15,250,6.0,31,0,0.222
2026-08-17,10:00-12:00,Regular,3,1,0,None,40,25,120,20.83,0,21,250,8.4,38,0,0.184
2026-08-17,12:00-14:00,Regular,3,6,0,None,25,26,120,21.67,0,47,250,18.8,153,1,0.433
2026-08-17,14:00-16:00,Regular,3,1,0,None,26,17,120,14.17,0,46,250,18.4,51,0,0.2
2026-08-17,16:00-18:00,Regular,3,7,0,None,17,84,120,70.0,0,24,250,9.6,73,0,0.476
2026-08-17,18:00-20:00,Regular,3,1,0,None,84,91,120,75.83,0,78,250,31.2,93,0,0.584
2026-08-17,20:00-22:00,Regular,3,2,0,None,91,73,120,60.83,0,66,250,26.4,94,0,0.509
2026-08-18,08:00-10:00,Regular,4,1,0,None,20,51,120,42.5,0,14,250,5.6,40,0,0.28
2026-08-18,10:00-12:00,Regular,4,1,0,None,51,17,120,14.17,0,37,250,14.8,45,0,0.181
2026-08-18,12:00-14:00,Regular,4,7,0,None,17,12,120,10.0,0,39,250,15.6,152,1,0.372
2026-08-18,14:00-16:00,Regular,4,2,0,None,12,18,120,15.0,0,56,250,22.4,45,0,0.2
2026-08-18,16:00-18:00,Regular,4,5,0,None,18,79,120,65.83,0,23,250,9.2,47,0,0.406
2026-08-18,18:00-20:00,Regular,4,0,0,None,79,96,120,80.0,1,89,250,35.6,115,0,0.655
2026-08-18,20:00-22:00,Regular,4,1,0,None,96,71,120,59.17,0,69,250,27.6,111,0,0.537
2026-08-19,08:00-10:00,Regular,3,2,0,None,20,35,120,29.17,0,28,250,11.2,46,0,0.243
2026-08-19,10:00-12:00,Regular,3,1,0,None,35,22,120,18.33,0,34,250,13.6,33,0,0.174
2026-08-19,12:00-14:00,Regular,3,6,0,None,22,24,120,20.0,0,40,250,16.0,144,1,0.402
2026-08-19,14:00-16:00,Regular,3,0,0,None,24,25,120,20.83,0,45,250,18.0,47,0,0.221
2026-08-19,16:00-18:00,Regular,3,8,0,None,25,74,120,61.67,0,16,250,6.4,59,0,0.405
2026-08-19,18:00-20:00,Regular,3,0,0,None,74,81,120,67.5,0,67,250,26.8,86,0,0.525
2026-08-19,20:00-22:00,Regular,3,0,0,None,81,66,120,55.0,0,69,250,27.6,131,0,0.557
2026-08-20,08:00-10:00,Regular,3,2,0,None,20,46,120,38.33,0,15,250,6.0,33,0,0.249
2026-08-20,10:00-12:00,Regular,3,1,0,None,46,24,120,20.0,0,14,250,5.6,46,0,0.191
2026-08-20,12:00-14:00,Regular,3,5,1,None,24,19,120,15.83,0,44,250,17.6,159,1,0.416
2026-08-20,14:00-16:00,Regular,3,2,0,None,19,20,120,16.67,0,55,250,22.0,44,0,0.205
2026-08-20,16:00-18:00,Regular,3,6,0,None,20,79,120,65.83,0,28,250,11.2,66,0,0.447
2026-08-20,18:00-20:00,Regular,3,2,0,None,79,86,120,71.67,0,73,250,29.2,121,0,0.616
2026-08-20,20:00-22:00,Regular,3,0,0,None,86,67,120,55.83,0,57,250,22.8,115,0,0.52
2026-08-21,08:00-10:00,Regular,3,0,0,None,20,38,120,31.67,0,28,250,11.2,29,0,0.221
2026-08-21,10:00-12:00,Regular,3,1,1,None,38,20,120,16.67,0,36,250,14.4,60,0,0.22
2026-08-21,12:00-14:00,Regular,3,5,0,None,20,31,120,25.83,0,43,250,17.2,138,1,0.419
2026-08-21,14:00-16:00,Regular,3,1,0,None,31,22,120,18.33,0,50,250,20.0,35,0,0.191
2026-08-21,16:00-18:00,Regular,3,8,0,None,22,81,120,67.5,0,26,250,10.4,71,0,0.463
2026-08-21,18:00-20:00,Regular,3,1,0,None,81,91,120,75.83,0,66,250,26.4,116,0,0.62
2026-08-21,20:00-22:00,Regular,3,1,0,None,91,61,120,50.83,0,72,250,28.8,108,0,0.496
2026-08-22,08:00-10:00,Regular,4,0,0,None,20,58,120,48.33,0,22,250,8.8,15,0,0.264
2026-08-22,10:00-12:00,Regular,4,0,0,None,58,38,120,31.67,0,41,250,16.4,41,0,0.255
2026-08-22,12:00-14:00,Regular,4,0,0,None,38,33,120,27.5,0,35,250,14.0,123,0,0.391
2026-08-22,14:00-16:00,Regular,4,0,0,None,33,26,120,21.67,0,37,250,14.8,41,0,0.207
2026-08-22,16:00-18:00,Regular,4,0,0,None,26,88,120,73.33,0,35,250,14.0,38,0,0.432
2026-08-22,18:00-20:00,Regular,4,0,0,None,88,99,120,82.5,1,63,250,25.2,116,0,0.647
2026-08-22,20:00-22:00,Regular,4,0,1,Sports_Tournament,99,116,120,96.67,1,82,250,32.8,137,1,0.767
2026-08-23,08:00-10:00,Regular,4,0,0,None,20,60,120,50.0,0,24,250,9.6,33,0,0.308
2026-08-23,10:00-12:00,Regular,4,0,0,None,60,36,120,30.0,0,34,250,13.6,51,0,0.261
2026-08-23,12:00-14:00,Regular,4,0,0,None,36,26,120,21.67,0,30,250,12.0,112,0,0.339
2026-08-23,14:00-16:00,Regular,4,0,0,None,26,30,120,25.0,0,13,250,5.2,52,0,0.224
2026-08-23,16:00-18:00,Regular,4,0,0,None,30,92,120,76.67,0,49,250,19.6,35,0,0.452
2026-08-23,18:00-20:00,Regular,4,0,0,None,92,102,120,85.0,1,70,250,28.0,115,0,0.662
2026-08-23,20:00-22:00,Regular,4,0,0,None,102,87,120,72.5,0,73,250,29.2,110,0,0.599
2026-08-24,08:00-10:00,Regular,3,0,0,None,20,35,120,29.17,0,22,250,8.8,33,0,0.213
2026-08-24,10:00-12:00,Regular,3,2,0,None,35,34,120,28.33,0,32,250,12.8,39,0,0.229
2026-08-24,12:00-14:00,Regular,3,8,0,None,34,21,120,17.5,0,51,250,20.4,164,1,0.438
2026-08-24,14:00-16:00,Regular,3,0,0,None,21,12,120,10.0,0,25,250,10.0,39,0,0.141
2026-08-24,16:00-18:00,Regular,3,7,1,Sports_Tournament,12,115,120,95.83,1,26,250,10.4,84,0,0.615
2026-08-24,18:00-20:00,Regular,3,1,0,None,115,91,120,75.83,0,77,250,30.8,104,0,0.605
2026-08-24,20:00-22:00,Regular,3,0,0,None,91,69,120,57.5,0,63,250,25.2,106,0,0.515
2026-08-25,08:00-10:00,Regular,4,0,0,None,20,37,120,30.83,0,15,250,6.0,51,0,0.25
2026-08-25,10:00-12:00,Regular,4,1,0,None,37,21,120,17.5,0,48,250,19.2,30,0,0.175
2026-08-25,12:00-14:00,Regular,4,6,1,None,21,20,120,16.67,0,62,250,24.8,153,1,0.422
2026-08-25,14:00-16:00,Regular,4,2,0,None,20,33,120,27.5,0,45,250,18.0,41,0,0.239
2026-08-25,16:00-18:00,Regular,4,7,0,None,33,75,120,62.5,0,35,250,14.0,63,0,0.432
2026-08-25,18:00-20:00,Regular,4,2,0,None,75,92,120,76.67,0,73,250,29.2,107,0,0.611
2026-08-25,20:00-22:00,Regular,4,0,0,None,92,64,120,53.33,0,72,250,28.8,108,0,0.508
2026-08-26,08:00-10:00,Regular,3,0,0,None,20,34,120,28.33,0,32,250,12.8,27,0,0.206
2026-08-26,10:00-12:00,Regular,3,1,0,None,34,28,120,23.33,0,31,250,12.4,38,0,0.204
2026-08-26,12:00-14:00,Regular,3,6,0,None,28,15,120,12.5,0,50,250,20.0,131,0,0.351
2026-08-26,14:00-16:00,Regular,3,1,0,None,15,19,120,15.83,0,53,250,21.2,51,0,0.213
2026-08-26,16:00-18:00,Regular,3,7,0,None,19,74,120,61.67,0,34,250,13.6,48,0,0.398
2026-08-26,18:00-20:00,Regular,3,1,0,None,74,92,120,76.67,0,67,250,26.8,107,0,0.607
2026-08-26,20:00-22:00,Regular,3,2,0,None,92,73,120,60.83,0,70,250,28.0,116,0,0.555
2026-08-27,08:00-10:00,Regular,3,1,1,None,20,45,120,37.5,0,36,250,14.4,52,0,0.299
2026-08-27,10:00-12:00,Regular,3,1,0,None,45,21,120,17.5,0,28,250,11.2,44,0,0.187
2026-08-27,12:00-14:00,Regular,3,7,0,None,21,24,120,20.0,0,52,250,20.8,160,1,0.443
2026-08-27,14:00-16:00,Regular,3,1,0,None,24,20,120,16.67,0,64,250,25.6,48,0,0.22
2026-08-27,16:00-18:00,Regular,3,7,0,None,20,73,120,60.83,0,20,250,8.0,53,0,0.393
2026-08-27,18:00-20:00,Regular,3,1,0,None,73,91,120,75.83,0,55,250,22.0,95,0,0.57
2026-08-27,20:00-22:00,Regular,3,1,0,None,91,74,120,61.67,0,64,250,25.6,113,0,0.548
2026-08-28,08:00-10:00,Regular,2,2,0,None,20,37,120,30.83,0,38,250,15.2,36,0,0.239
2026-08-28,10:00-12:00,Regular,2,2,0,None,37,22,120,18.33,0,32,250,12.8,27,0,0.161
2026-08-28,12:00-14:00,Regular,2,7,0,None,22,19,120,15.83,0,43,250,17.2,148,1,0.393
2026-08-28,14:00-16:00,Regular,2,0,0,None,19,21,120,17.5,0,39,250,15.6,16,0,0.141
2026-08-28,16:00-18:00,Regular,2,5,0,None,21,76,120,63.33,0,43,250,17.2,55,0,0.426
2026-08-28,18:00-20:00,Regular,2,2,0,None,76,92,120,76.67,0,65,250,26.0,117,0,0.625
2026-08-28,20:00-22:00,Regular,2,2,0,None,92,82,120,68.33,0,76,250,30.4,121,0,0.604
2026-08-29,08:00-10:00,Regular,3,0,0,None,20,51,120,42.5,0,33,250,13.2,22,0,0.26
2026-08-29,10:00-12:00,Regular,3,0,0,None,51,36,120,30.0,0,31,250,12.4,40,0,0.238
2026-08-29,12:00-14:00,Regular,3,0,0,None,36,38,120,31.67,0,29,250,11.6,127,0,0.413
2026-08-29,14:00-16:00,Regular,3,0,0,None,38,33,120,27.5,0,27,250,10.8,44,0,0.231
2026-08-29,16:00-18:00,Regular,3,0,0,None,33,89,120,74.17,0,35,250,14.0,23,0,0.406
2026-08-29,18:00-20:00,Regular,3,0,0,None,89,104,120,86.67,1,71,250,28.4,103,0,0.647
2026-08-29,20:00-22:00,Regular,3,0,0,None,104,85,120,70.83,0,71,250,28.4,112,0,0.593
2026-08-30,08:00-10:00,Regular,3,0,0,None,20,43,120,35.83,0,34,250,13.6,40,0,0.266
2026-08-30,10:00-12:00,Regular,3,0,0,None,43,36,120,30.0,0,36,250,14.4,32,0,0.226
2026-08-30,12:00-14:00,Regular,3,0,0,None,36,41,120,34.17,0,35,250,14.0,126,0,0.427
2026-08-30,14:00-16:00,Regular,3,0,0,None,41,33,120,27.5,0,39,250,15.6,53,0,0.258
2026-08-30,16:00-18:00,Regular,3,0,0,None,33,89,120,74.17,0,25,250,10.0,29,0,0.41
2026-08-30,18:00-20:00,Regular,3,0,0,None,89,96,120,80.0,1,63,250,25.2,107,0,0.618
2026-08-30,20:00-22:00,Regular,3,0,0,None,96,86,120,71.67,0,61,250,24.4,114,0,0.593
2026-08-31,08:00-10:00,Regular,4,2,0,None,20,42,120,35.0,0,28,250,11.2,47,0,0.271
2026-08-31,10:00-12:00,Regular,4,1,0,None,42,28,120,23.33,0,37,250,14.8,57,0,0.245
2026-08-31,12:00-14:00,Regular,4,6,0,None,28,20,120,16.67,0,43,250,17.2,148,1,0.397
2026-08-31,14:00-16:00,Regular,4,2,0,None,20,22,120,18.33,0,59,250,23.6,39,0,0.206
2026-08-31,16:00-18:00,Regular,4,8,0,None,22,77,120,64.17,0,35,250,14.0,79,0,0.47
2026-08-31,18:00-20:00,Regular,4,1,1,Sports_Tournament,77,126,120,105.0,1,68,250,27.2,147,1,0.813
2026-08-31,20:00-22:00,Regular,4,2,0,None,126,81,120,67.5,0,78,250,31.2,106,0,0.572
2026-09-01,08:00-10:00,Regular,3,2,0,None,20,42,120,35.0,0,27,250,10.8,62,0,0.3
2026-09-01,10:00-12:00,Regular,3,0,0,None,42,28,120,23.33,0,28,250,11.2,56,0,0.236
2026-09-01,12:00-14:00,Regular,3,5,0,None,28,25,120,20.83,0,52,250,20.8,136,1,0.4
2026-09-01,14:00-16:00,Regular,3,0,0,None,25,19,120,15.83,0,45,250,18.0,26,0,0.158
2026-09-01,16:00-18:00,Regular,3,8,0,None,19,73,120,60.83,0,39,250,15.6,72,0,0.445
2026-09-01,18:00-20:00,Regular,3,2,0,None,73,86,120,71.67,0,74,250,29.6,109,0,0.594
2026-09-01,20:00-22:00,Regular,3,1,0,None,86,74,120,61.67,0,73,250,29.2,115,0,0.56
2026-09-02,08:00-10:00,Regular,3,0,1,None,20,42,120,35.0,0,28,250,11.2,49,0,0.275
2026-09-02,10:00-12:00,Regular,3,0,0,None,42,27,120,22.5,0,25,250,10.0,40,0,0.199
2026-09-02,12:00-14:00,Regular,3,6,0,None,27,26,120,21.67,0,46,250,18.4,132,0,0.391
2026-09-02,14:00-16:00,Regular,3,1,0,None,26,18,120,15.0,0,49,250,19.6,45,0,0.194
2026-09-02,16:00-18:00,Regular,3,7,1,Sports_Tournament,18,114,120,95.0,1,23,250,9.2,85,0,0.611
2026-09-02,18:00-20:00,Regular,3,2,1,Sports_Tournament,114,130,120,108.33,1,65,250,26.0,159,1,0.849
2026-09-02,20:00-22:00,Regular,3,0,0,None,130,76,120,63.33,0,68,250,27.2,103,0,0.54
2026-09-03,08:00-10:00,Regular,4,2,0,None,20,47,120,39.17,0,14,250,5.6,40,0,0.265
2026-09-03,10:00-12:00,Regular,4,0,0,None,47,30,120,25.0,0,28,250,11.2,46,0,0.224
2026-09-03,12:00-14:00,Regular,4,8,0,None,30,18,120,15.0,0,37,250,14.8,159,1,0.406
2026-09-03,14:00-16:00,Regular,4,0,0,None,18,18,120,15.0,0,53,250,21.2,25,0,0.159
2026-09-03,16:00-18:00,Regular,4,7,0,None,18,85,120,70.83,0,19,250,7.6,50,0,0.431
2026-09-03,18:00-20:00,Regular,4,1,0,None,85,83,120,69.17,0,81,250,32.4,110,0,0.59
2026-09-03,20:00-22:00,Regular,4,1,0,None,83,76,120,63.33,0,68,250,27.2,99,0,0.532
2026-09-04,08:00-10:00,Regular,3,0,1,None,20,42,120,35.0,0,33,250,13.2,62,0,0.304
2026-09-04,10:00-12:00,Regular,3,0,0,None,42,30,120,25.0,0,16,250,6.4,44,0,0.211
2026-09-04,12:00-14:00,Regular,3,8,0,None,30,17,120,14.17,0,47,250,18.8,135,1,0.364
2026-09-04,14:00-16:00,Regular,3,2,0,None,17,21,120,17.5,0,63,250,25.2,41,0,0.209
2026-09-04,16:00-18:00,Regular,3,7,0,None,21,69,120,57.5,0,34,250,13.6,70,0,0.422
2026-09-04,18:00-20:00,Regular,3,2,0,None,69,88,120,73.33,0,62,250,24.8,114,0,0.601
2026-09-04,20:00-22:00,Regular,3,0,0,None,88,70,120,58.33,0,70,250,28.0,93,0,0.499
2026-09-05,08:00-10:00,Regular,3,0,0,None,20,53,120,44.17,0,36,250,14.4,38,0,0.301
2026-09-05,10:00-12:00,Regular,3,0,0,None,53,35,120,29.17,0,36,250,14.4,44,0,0.246
2026-09-05,12:00-14:00,Regular,3,0,0,None,35,29,120,24.17,0,28,250,11.2,120,0,0.364
2026-09-05,14:00-16:00,Regular,3,0,0,None,29,41,120,34.17,0,39,250,15.6,22,0,0.228
2026-09-05,16:00-18:00,Regular,3,0,0,None,41,97,120,80.83,1,29,250,11.6,43,0,0.471
2026-09-05,18:00-20:00,Regular,3,0,0,None,97,101,120,84.17,1,89,250,35.6,114,0,0.672
2026-09-05,20:00-22:00,Regular,3,0,0,None,101,96,120,80.0,1,69,250,27.6,122,0,0.652
2026-09-06,08:00-10:00,Regular,2,0,0,None,20,62,120,51.67,0,24,250,9.6,55,0,0.359
2026-09-06,10:00-12:00,Regular,2,0,0,None,62,44,120,36.67,0,15,250,6.0,48,0,0.27
2026-09-06,12:00-14:00,Regular,2,0,0,None,44,38,120,31.67,0,31,250,12.4,117,0,0.395
2026-09-06,14:00-16:00,Regular,2,0,0,None,38,34,120,28.33,0,32,250,12.8,18,0,0.188
2026-09-06,16:00-18:00,Regular,2,0,0,None,34,91,120,75.83,0,21,250,8.4,33,0,0.422
2026-09-06,18:00-20:00,Regular,2,0,0,None,91,95,120,79.17,0,67,250,26.8,111,0,0.626
2026-09-06,20:00-22:00,Regular,2,0,0,None,95,90,120,75.0,0,67,250,26.8,121,0,0.626
2026-09-07,08:00-10:00,Regular,3,1,0,None,20,45,120,37.5,0,29,250,11.6,51,0,0.291
2026-09-07,10:00-12:00,Regular,3,0,0,None,45,31,120,25.83,0,15,250,6.0,51,0,0.227
2026-09-07,12:00-14:00,Regular,3,7,0,None,31,23,120,19.17,0,54,250,21.6,149,1,0.419
2026-09-07,14:00-16:00,Regular,3,0,0,None,23,26,120,21.67,0,46,250,18.4,45,0,0.222
2026-09-07,16:00-18:00,Regular,3,6,0,None,26,75,120,62.5,0,23,250,9.2,52,0,0.401
2026-09-07,18:00-20:00,Regular,3,2,0,None,75,83,120,69.17,0,68,250,27.2,106,0,0.572
2026-09-07,20:00-22:00,Regular,3,1,0,None,83,70,120,58.33,0,52,250,20.8,113,0,0.524
2026-09-08,08:00-10:00,Regular,3,2,0,None,20,37,120,30.83,0,14,250,5.6,62,0,0.27
2026-09-08,10:00-12:00,Regular,3,2,0,None,37,30,120,25.0,0,15,250,6.0,42,0,0.206
2026-09-08,12:00-14:00,Regular,3,6,0,None,30,18,120,15.0,0,32,250,12.8,135,1,0.356
2026-09-08,14:00-16:00,Regular,3,2,0,None,18,21,120,17.5,0,37,250,14.8,29,0,0.165
2026-09-08,16:00-18:00,Regular,3,7,0,None,21,76,120,63.33,0,44,250,17.6,66,0,0.449
2026-09-08,18:00-20:00,Regular,3,2,0,None,76,89,120,74.17,0,82,250,32.8,138,1,0.668
2026-09-08,20:00-22:00,Regular,3,1,1,Sports_Tournament,89,107,120,89.17,1,64,250,25.6,135,1,0.715
2026-09-09,08:00-10:00,Regular,4,0,0,None,20,36,120,30.0,0,41,250,16.4,45,0,0.255
2026-09-09,10:00-12:00,Regular,4,1,0,None,36,23,120,19.17,0,31,250,12.4,40,0,0.189
2026-09-09,12:00-14:00,Regular,4,6,0,None,23,25,120,20.83,0,51,250,20.4,123,0,0.374
2026-09-09,14:00-16:00,Regular,4,1,0,None,25,26,120,21.67,0,39,250,15.6,47,0,0.22
2026-09-09,16:00-18:00,Regular,4,5,0,None,26,73,120,60.83,0,22,250,8.8,60,0,0.408
2026-09-09,18:00-20:00,Regular,4,2,0,None,73,89,120,74.17,0,62,250,24.8,114,0,0.605
2026-09-09,20:00-22:00,Regular,4,2,0,None,89,82,120,68.33,0,66,250,26.4,115,0,0.584
2026-09-10,08:00-10:00,Regular,4,0,0,None,20,44,120,36.67,0,29,250,11.6,43,0,0.272
2026-09-10,10:00-12:00,Regular,4,1,0,None,44,28,120,23.33,0,36,250,14.4,38,0,0.208
2026-09-10,12:00-14:00,Regular,4,5,0,None,28,18,120,15.0,0,45,250,18.0,152,1,0.399
2026-09-10,14:00-16:00,Regular,4,2,0,None,18,22,120,18.33,0,52,250,20.8,52,0,0.225
2026-09-10,16:00-18:00,Regular,4,7,0,None,22,76,120,63.33,0,35,250,14.0,72,0,0.453
2026-09-10,18:00-20:00,Regular,4,0,0,None,76,81,120,67.5,0,59,250,23.6,91,0,0.528
2026-09-10,20:00-22:00,Regular,4,0,0,None,81,62,120,51.67,0,67,250,26.8,95,0,0.471
2026-09-11,08:00-10:00,Regular,2,1,0,None,20,38,120,31.67,0,38,250,15.2,48,0,0.266
2026-09-11,10:00-12:00,Regular,2,0,0,None,38,23,120,19.17,0,37,250,14.8,33,0,0.18
2026-09-11,12:00-14:00,Regular,2,8,0,None,23,20,120,16.67,0,48,250,19.2,139,1,0.384
2026-09-11,14:00-16:00,Regular,2,2,0,None,20,24,120,20.0,0,30,250,12.0,53,0,0.217
2026-09-11,16:00-18:00,Regular,2,5,0,None,24,83,120,69.17,0,34,250,13.6,58,0,0.451
2026-09-11,18:00-20:00,Regular,2,2,0,None,83,82,120,68.33,0,66,250,26.4,101,0,0.557
2026-09-11,20:00-22:00,Regular,2,0,0,None,82,70,120,58.33,0,62,250,24.8,96,0,0.499
2026-09-12,08:00-10:00,Regular,4,0,0,None,20,58,120,48.33,0,15,250,6.0,28,0,0.284
2026-09-12,10:00-12:00,Regular,4,0,0,None,58,43,120,35.83,0,26,250,10.4,36,0,0.252
2026-09-12,12:00-14:00,Regular,4,0,0,None,43,36,120,30.0,0,17,250,6.8,116,0,0.374
2026-09-12,14:00-16:00,Regular,4,0,0,None,36,36,120,30.0,0,39,250,15.6,37,0,0.238
2026-09-12,16:00-18:00,Regular,4,0,0,None,36,93,120,77.5,0,24,250,9.6,39,0,0.444
2026-09-12,18:00-20:00,Regular,4,0,0,None,93,105,120,87.5,1,67,250,26.8,112,0,0.665
2026-09-12,20:00-22:00,Regular,4,0,0,None,105,79,120,65.83,0,83,250,33.2,95,0,0.547
2026-09-13,08:00-10:00,Regular,3,0,0,None,20,50,120,41.67,0,25,250,10.0,50,0,0.305
2026-09-13,10:00-12:00,Regular,3,0,0,None,50,38,120,31.67,0,21,250,8.4,60,0,0.276
2026-09-13,12:00-14:00,Regular,3,0,0,None,38,28,120,23.33,0,33,250,13.2,127,0,0.378
2026-09-13,14:00-16:00,Regular,3,0,0,None,28,39,120,32.5,0,40,250,16.0,22,0,0.221
2026-09-13,16:00-18:00,Regular,3,0,0,None,39,94,120,78.33,0,27,250,10.8,63,0,0.497
2026-09-13,18:00-20:00,Regular,3,0,0,None,94,104,120,86.67,1,63,250,25.2,93,0,0.621
2026-09-13,20:00-22:00,Regular,3,0,0,None,104,77,120,64.17,0,74,250,29.6,124,0,0.589
2026-09-14,08:00-10:00,Mid-Term,5,1,0,None,20,19,120,15.83,0,132,250,52.8,25,0,0.225
2026-09-14,10:00-12:00,Mid-Term,5,1,0,None,19,6,120,5.0,0,138,250,55.2,39,0,0.209
2026-09-14,12:00-14:00,Mid-Term,5,6,0,None,6,6,120,5.0,0,164,250,65.6,130,0,0.406
2026-09-14,14:00-16:00,Mid-Term,5,2,0,None,6,6,120,5.0,0,147,250,58.8,48,0,0.233
2026-09-14,16:00-18:00,Mid-Term,5,6,0,None,6,48,120,40.0,0,138,250,55.2,39,0,0.366
2026-09-14,18:00-20:00,Mid-Term,5,1,0,None,48,53,120,44.17,0,177,250,70.8,117,0,0.568
2026-09-14,20:00-22:00,Mid-Term,5,1,0,None,53,45,120,37.5,0,182,250,72.8,111,0,0.53
2026-09-15,08:00-10:00,Mid-Term,5,2,0,None,20,17,120,14.17,0,134,250,53.6,41,0,0.251
2026-09-15,10:00-12:00,Mid-Term,5,0,0,None,17,6,120,5.0,0,152,250,60.8,30,0,0.202
2026-09-15,12:00-14:00,Mid-Term,5,5,0,None,6,6,120,5.0,0,164,250,65.6,165,1,0.475
2026-09-15,14:00-16:00,Mid-Term,5,0,0,None,6,6,120,5.0,0,152,250,60.8,19,0,0.181
2026-09-15,16:00-18:00,Mid-Term,5,7,0,None,6,51,120,42.5,0,146,250,58.4,57,0,0.419
2026-09-15,18:00-20:00,Mid-Term,5,0,0,None,51,57,120,47.5,0,165,250,66.0,116,0,0.571
2026-09-15,20:00-22:00,Mid-Term,5,1,0,None,57,28,120,23.33,0,189,250,75.6,117,0,0.484
2026-09-16,08:00-10:00,Mid-Term,5,0,0,None,20,13,120,10.83,0,138,250,55.2,38,0,0.233
2026-09-16,10:00-12:00,Mid-Term,5,1,0,None,13,6,120,5.0,0,142,250,56.8,49,0,0.231
2026-09-16,12:00-14:00,Mid-Term,5,6,0,None,6,6,120,5.0,0,170,250,68.0,136,1,0.423
2026-09-16,14:00-16:00,Mid-Term,5,0,0,None,6,6,120,5.0,0,162,250,64.8,37,0,0.224
2026-09-16,16:00-18:00,Mid-Term,5,8,0,None,6,40,120,33.33,0,137,250,54.8,37,0,0.332
2026-09-16,18:00-20:00,Mid-Term,5,1,0,None,40,56,120,46.67,0,171,250,68.4,124,0,0.588
2026-09-16,20:00-22:00,Mid-Term,5,0,0,None,56,39,120,32.5,0,196,250,78.4,109,0,0.515
2026-09-17,08:00-10:00,Mid-Term,5,2,0,None,20,13,120,10.83,0,137,250,54.8,53,0,0.261
2026-09-17,10:00-12:00,Mid-Term,5,0,0,None,13,6,120,5.0,0,143,250,57.2,42,0,0.219
2026-09-17,12:00-14:00,Mid-Term,5,8,0,None,6,6,120,5.0,0,170,250,68.0,155,1,0.46
2026-09-17,14:00-16:00,Mid-Term,5,0,0,None,6,6,120,5.0,0,170,250,68.0,32,0,0.221
2026-09-17,16:00-18:00,Mid-Term,5,6,0,None,6,43,120,35.83,0,139,250,55.6,47,0,0.364
2026-09-17,18:00-20:00,Mid-Term,5,2,0,None,43,52,120,43.33,0,164,250,65.6,109,0,0.538
2026-09-17,20:00-22:00,Mid-Term,5,0,0,None,52,41,120,34.17,0,192,250,76.8,103,0,0.508
2026-09-18,08:00-10:00,Mid-Term,5,0,0,None,20,10,120,8.33,0,142,250,56.8,18,0,0.186
2026-09-18,10:00-12:00,Mid-Term,5,2,0,None,10,6,120,5.0,0,139,250,55.6,50,0,0.231
2026-09-18,12:00-14:00,Mid-Term,5,7,0,None,6,6,120,5.0,0,150,250,60.0,162,1,0.458
2026-09-18,14:00-16:00,Mid-Term,5,0,0,None,6,6,120,5.0,0,165,250,66.0,30,0,0.213
2026-09-18,16:00-18:00,Mid-Term,5,6,0,None,6,41,120,34.17,0,139,250,55.6,58,0,0.378
2026-09-18,18:00-20:00,Mid-Term,5,1,0,None,41,59,120,49.17,0,177,250,70.8,89,0,0.536
2026-09-18,20:00-22:00,Mid-Term,5,0,0,None,59,40,120,33.33,0,178,250,71.2,112,0,0.51
2026-09-19,08:00-10:00,Mid-Term,5,0,0,None,20,24,120,20.0,0,141,250,56.4,38,0,0.277
2026-09-19,10:00-12:00,Mid-Term,5,0,0,None,24,6,120,5.0,0,144,250,57.6,24,0,0.184
2026-09-19,12:00-14:00,Mid-Term,5,0,0,None,6,6,120,5.0,0,148,250,59.2,134,0,0.401
2026-09-19,14:00-16:00,Mid-Term,5,0,0,None,6,9,120,7.5,0,148,250,59.2,47,0,0.244
2026-09-19,16:00-18:00,Mid-Term,5,0,0,None,9,57,120,47.5,0,132,250,52.8,32,0,0.382
2026-09-19,18:00-20:00,Mid-Term,5,0,0,None,57,76,120,63.33,0,189,250,75.6,112,0,0.654
2026-09-19,20:00-22:00,Mid-Term,5,0,1,Sports_Tournament,76,101,120,84.17,1,196,250,78.4,150,1,0.827
2026-09-20,08:00-10:00,Mid-Term,5,0,0,None,20,30,120,25.0,0,151,250,60.4,34,0,0.299
2026-09-20,10:00-12:00,Mid-Term,5,0,0,None,30,6,120,5.0,0,138,250,55.2,25,0,0.182
2026-09-20,12:00-14:00,Mid-Term,5,0,0,None,6,13,120,10.83,0,134,250,53.6,120,0,0.389
2026-09-20,14:00-16:00,Mid-Term,5,0,0,None,13,6,120,5.0,0,132,250,52.8,47,0,0.219
2026-09-20,16:00-18:00,Mid-Term,5,0,0,None,6,60,120,50.0,0,145,250,58.0,35,0,0.409
2026-09-20,18:00-20:00,Mid-Term,5,0,0,None,60,78,120,65.0,0,192,250,76.8,115,0,0.67
2026-09-20,20:00-22:00,Mid-Term,5,0,0,None,78,56,120,46.67,0,174,250,69.6,111,0,0.565
2026-09-21,08:00-10:00,Mid-Term,5,2,0,None,20,12,120,10.0,0,133,250,53.2,44,0,0.237
2026-09-21,10:00-12:00,Mid-Term,5,1,0,None,12,6,120,5.0,0,151,250,60.4,22,0,0.186
2026-09-21,12:00-14:00,Mid-Term,5,5,0,None,6,6,120,5.0,0,164,250,65.6,131,0,0.408
2026-09-21,14:00-16:00,Mid-Term,5,0,0,None,6,6,120,5.0,0,153,250,61.2,35,0,0.213
2026-09-21,16:00-18:00,Mid-Term,5,7,0,None,6,44,120,36.67,0,151,250,60.4,53,0,0.389
2026-09-21,18:00-20:00,Mid-Term,5,2,0,None,44,53,120,44.17,0,176,250,70.4,117,0,0.567
2026-09-21,20:00-22:00,Mid-Term,5,1,1,Sports_Tournament,53,81,120,67.5,0,187,250,74.8,139,1,0.724
2026-09-22,08:00-10:00,Regular,2,0,0,None,20,34,120,28.33,0,19,250,7.6,33,0,0.207
2026-09-22,10:00-12:00,Regular,2,0,0,None,34,18,120,15.0,0,25,250,10.0,28,0,0.142
2026-09-22,12:00-14:00,Regular,2,6,0,None,18,20,120,16.67,0,55,250,22.0,129,0,0.37
2026-09-22,14:00-16:00,Regular,2,0,0,None,20,10,120,8.33,0,44,250,17.6,26,0,0.123
2026-09-22,16:00-18:00,Regular,2,7,0,None,10,86,120,71.67,0,25,250,10.0,63,0,0.465
2026-09-22,18:00-20:00,Regular,2,1,0,None,86,86,120,71.67,0,90,250,36.0,108,0,0.605
2026-09-22,20:00-22:00,Regular,2,2,0,None,86,67,120,55.83,0,69,250,27.6,113,0,0.526
2026-09-23,08:00-10:00,Regular,3,2,0,None,20,39,120,32.5,0,28,250,11.2,58,0,0.281
2026-09-23,10:00-12:00,Regular,3,1,0,None,39,19,120,15.83,0,13,250,5.2,40,0,0.159
2026-09-23,12:00-14:00,Regular,3,7,0,None,19,18,120,15.0,0,54,250,21.6,156,1,0.414
2026-09-23,14:00-16:00,Regular,3,0,0,None,18,28,120,23.33,0,39,250,15.6,34,0,0.202
2026-09-23,16:00-18:00,Regular,3,6,0,None,28,80,120,66.67,0,34,250,13.6,67,0,0.457
2026-09-23,18:00-20:00,Regular,3,0,0,None,80,85,120,70.83,0,61,250,24.4,109,0,0.579
2026-09-23,20:00-22:00,Regular,3,0,0,None,85,62,120,51.67,0,65,250,26.0,94,0,0.467
2026-09-24,08:00-10:00,Regular,3,0,0,None,20,35,120,29.17,0,10,250,4.0,37,0,0.211
2026-09-24,10:00-12:00,Regular,3,0,0,None,35,31,120,25.83,0,24,250,9.6,34,0,0.202
2026-09-24,12:00-14:00,Regular,3,8,0,None,31,23,120,19.17,0,48,250,19.2,141,1,0.399
2026-09-24,14:00-16:00,Regular,3,1,0,None,23,15,120,12.5,0,41,250,16.4,32,0,0.151
2026-09-24,16:00-18:00,Regular,3,6,0,None,15,74,120,61.67,0,33,250,13.2,60,0,0.421
2026-09-24,18:00-20:00,Regular,3,1,1,Sports_Tournament,74,121,120,100.83,1,50,250,20.0,145,1,0.776
2026-09-24,20:00-22:00,Regular,3,2,0,None,121,81,120,67.5,0,62,250,24.8,104,0,0.556
2026-09-25,08:00-10:00,Regular,4,1,0,None,20,42,120,35.0,0,15,250,6.0,36,0,0.239
2026-09-25,10:00-12:00,Regular,4,1,0,None,42,19,120,15.83,0,32,250,12.8,28,0,0.151
2026-09-25,12:00-14:00,Regular,4,8,0,None,19,14,120,11.67,0,41,250,16.4,147,1,0.371
2026-09-25,14:00-16:00,Regular,4,2,0,None,14,21,120,17.5,0,44,250,17.6,55,0,0.221
2026-09-25,16:00-18:00,Regular,4,6,0,None,21,91,120,75.83,0,36,250,14.4,36,0,0.44
2026-09-25,18:00-20:00,Regular,4,0,0,None,91,86,120,71.67,0,70,250,28.0,97,0,0.567
2026-09-25,20:00-22:00,Regular,4,1,0,None,86,56,120,46.67,0,61,250,24.4,118,0,0.488
2026-09-26,08:00-10:00,Regular,2,0,0,None,20,61,120,50.83,0,25,250,10.0,47,0,0.34
2026-09-26,10:00-12:00,Regular,2,0,0,None,61,35,120,29.17,0,28,250,11.2,37,0,0.226
2026-09-26,12:00-14:00,Regular,2,0,0,None,35,23,120,19.17,0,27,250,10.8,124,0,0.349
2026-09-26,14:00-16:00,Regular,2,0,0,None,23,37,120,30.83,0,30,250,12.0,29,0,0.219
2026-09-26,16:00-18:00,Regular,2,0,0,None,37,100,120,83.33,1,31,250,12.4,56,0,0.509
2026-09-26,18:00-20:00,Regular,2,0,0,None,100,114,120,95.0,1,59,250,23.6,98,0,0.665
2026-09-26,20:00-22:00,Regular,2,0,0,None,114,85,120,70.83,0,79,250,31.6,85,0,0.547
2026-09-27,08:00-10:00,Regular,2,0,0,None,20,48,120,40.0,0,23,250,9.2,32,0,0.261
2026-09-27,10:00-12:00,Regular,2,0,0,None,48,42,120,35.0,0,22,250,8.8,28,0,0.23
2026-09-27,12:00-14:00,Regular,2,0,0,None,42,29,120,24.17,0,10,250,4.0,133,0,0.375
2026-09-27,14:00-16:00,Regular,2,0,0,None,29,35,120,29.17,0,19,250,7.6,45,0,0.234
2026-09-27,16:00-18:00,Regular,2,0,0,None,35,90,120,75.0,0,48,250,19.2,39,0,0.452
2026-09-27,18:00-20:00,Regular,2,0,1,Sports_Tournament,90,130,120,108.33,1,63,250,25.2,127,0,0.785
2026-09-27,20:00-22:00,Regular,2,0,0,None,130,96,120,80.0,1,72,250,28.8,102,0,0.616
2026-09-28,08:00-10:00,Regular,3,0,0,None,20,36,120,30.0,0,31,250,12.4,36,0,0.23
2026-09-28,10:00-12:00,Regular,3,2,0,None,36,27,120,22.5,0,23,250,9.2,47,0,0.211
2026-09-28,12:00-14:00,Regular,3,8,1,None,27,16,120,13.33,0,52,250,20.8,178,1,0.448
2026-09-28,14:00-16:00,Regular,3,2,0,None,16,20,120,16.67,0,50,250,20.0,52,0,0.216
2026-09-28,16:00-18:00,Regular,3,8,0,None,20,84,120,70.0,0,27,250,10.8,56,0,0.445
2026-09-28,18:00-20:00,Regular,3,1,0,None,84,86,120,71.67,0,68,250,27.2,107,0,0.585
2026-09-28,20:00-22:00,Regular,3,0,0,None,86,67,120,55.83,0,74,250,29.6,96,0,0.497
2026-09-29,08:00-10:00,Regular,3,2,0,None,20,51,120,42.5,0,24,250,9.6,51,0,0.31
2026-09-29,10:00-12:00,Regular,3,0,1,None,51,19,120,15.83,0,37,250,14.8,58,0,0.214
2026-09-29,12:00-14:00,Regular,3,5,0,None,19,20,120,16.67,0,54,250,21.6,136,1,0.383
2026-09-29,14:00-16:00,Regular,3,2,0,None,20,24,120,20.0,0,37,250,14.8,52,0,0.221
2026-09-29,16:00-18:00,Regular,3,6,0,None,24,81,120,67.5,0,34,250,13.6,62,0,0.452
2026-09-29,18:00-20:00,Regular,3,2,1,Sports_Tournament,81,122,120,101.67,1,62,250,24.8,151,1,0.801
2026-09-29,20:00-22:00,Regular,3,2,0,None,122,77,120,64.17,0,80,250,32.0,111,0,0.569
2026-09-30,08:00-10:00,Regular,3,1,1,None,20,40,120,33.33,0,31,250,12.4,62,0,0.295
2026-09-30,10:00-12:00,Regular,3,1,0,None,40,26,120,21.67,0,34,250,13.6,46,0,0.214
2026-09-30,12:00-14:00,Regular,3,6,0,None,26,16,120,13.33,0,56,250,22.4,138,1,0.373
2026-09-30,14:00-16:00,Regular,3,1,0,None,16,22,120,18.33,0,44,250,17.6,38,0,0.192
2026-09-30,16:00-18:00,Regular,3,5,1,Sports_Tournament,22,103,120,85.83,1,25,250,10.0,64,0,0.531
2026-09-30,18:00-20:00,Regular,3,1,0,None,103,96,120,80.0,1,64,250,25.6,112,0,0.629
2026-09-30,20:00-22:00,Regular,3,1,0,None,96,78,120,65.0,0,83,250,33.2,110,0,0.573
2026-10-01,08:00-10:00,Regular,3,2,1,None,20,40,120,33.33,0,34,250,13.6,63,0,0.3
2026-10-01,10:00-12:00,Regular,3,0,0,None,40,18,120,15.0,0,29,250,11.6,47,0,0.182
2026-10-01,12:00-14:00,Regular,3,5,0,None,18,21,120,17.5,0,39,250,15.6,139,1,0.38
2026-10-01,14:00-16:00,Regular,3,0,0,None,21,26,120,21.67,0,45,250,18.0,52,0,0.235
2026-10-01,16:00-18:00,Regular,3,8,0,None,26,84,120,70.0,0,25,250,10.0,41,0,0.415
2026-10-01,18:00-20:00,Regular,3,1,0,None,84,88,120,73.33,0,56,250,22.4,120,0,0.608
2026-10-01,20:00-22:00,Regular,3,0,1,Sports_Tournament,88,105,120,87.5,1,65,250,26.0,132,0,0.702
2026-10-02,08:00-10:00,Regular,2,0,0,None,20,34,120,28.33,0,10,250,4.0,32,0,0.198
2026-10-02,10:00-12:00,Regular,2,0,0,None,34,33,120,27.5,0,26,250,10.4,38,0,0.218
2026-10-02,12:00-14:00,Regular,2,6,1,None,33,23,120,19.17,0,50,250,20.0,165,1,0.447
2026-10-02,14:00-16:00,Regular,2,1,0,None,23,11,120,9.17,0,43,250,17.2,40,0,0.153
2026-10-02,16:00-18:00,Regular,2,8,0,None,11,77,120,64.17,0,21,250,8.4,62,0,0.426
2026-10-02,18:00-20:00,Regular,2,0,0,None,77,83,120,69.17,0,69,250,27.6,102,0,0.565
2026-10-02,20:00-22:00,Regular,2,0,0,None,83,64,120,53.33,0,55,250,22.0,116,0,0.51
2026-10-03,08:00-10:00,Regular,3,0,0,None,20,52,120,43.33,0,35,250,14.0,32,0,0.285
2026-10-03,10:00-12:00,Regular,3,0,0,None,52,34,120,28.33,0,29,250,11.6,54,0,0.256
2026-10-03,12:00-14:00,Regular,3,0,0,None,34,38,120,31.67,0,21,250,8.4,100,0,0.354
2026-10-03,14:00-16:00,Regular,3,0,0,None,38,33,120,27.5,0,20,250,8.0,36,0,0.21
2026-10-03,16:00-18:00,Regular,3,0,0,None,33,92,120,76.67,0,32,250,12.8,36,0,0.441
2026-10-03,18:00-20:00,Regular,3,0,0,None,92,97,120,80.83,1,81,250,32.4,107,0,0.637
2026-10-03,20:00-22:00,Regular,3,0,0,None,97,85,120,70.83,0,71,250,28.4,115,0,0.599
2026-10-04,08:00-10:00,Regular,4,0,0,None,20,53,120,44.17,0,22,250,8.8,21,0,0.257
2026-10-04,10:00-12:00,Regular,4,0,0,None,53,34,120,28.33,0,23,250,9.2,38,0,0.22
2026-10-04,12:00-14:00,Regular,4,0,0,None,34,24,120,20.0,0,33,250,13.2,131,0,0.371
2026-10-04,14:00-16:00,Regular,4,0,0,None,24,38,120,31.67,0,22,250,8.8,55,0,0.267
2026-10-04,16:00-18:00,Regular,4,0,0,None,38,88,120,73.33,0,19,250,7.6,35,0,0.413
2026-10-04,18:00-20:00,Regular,4,0,0,None,88,109,120,90.83,1,72,250,28.8,110,0,0.68
2026-10-04,20:00-22:00,Regular,4,0,0,None,109,78,120,65.0,0,64,250,25.6,89,0,0.517
2026-10-05,08:00-10:00,Regular,3,0,0,None,20,47,120,39.17,0,39,250,15.6,68,0,0.34
2026-10-05,10:00-12:00,Regular,3,2,0,None,47,19,120,15.83,0,24,250,9.6,45,0,0.178
2026-10-05,12:00-14:00,Regular,3,7,0,None,19,18,120,15.0,0,58,250,23.2,142,1,0.39
2026-10-05,14:00-16:00,Regular,3,0,0,None,18,24,120,20.0,0,60,250,24.0,25,0,0.187
2026-10-05,16:00-18:00,Regular,3,5,0,None,24,75,120,62.5,0,28,250,11.2,59,0,0.418
2026-10-05,18:00-20:00,Regular,3,1,0,None,75,82,120,68.33,0,67,250,26.8,93,0,0.542
2026-10-05,20:00-22:00,Regular,3,0,0,None,82,68,120,56.67,0,58,250,23.2,93,0,0.482
2026-10-06,08:00-10:00,Regular,3,1,0,None,20,33,120,27.5,0,16,250,6.4,46,0,0.226
2026-10-06,10:00-12:00,Regular,3,0,0,None,33,11,120,9.17,0,17,250,6.8,39,0,0.131
2026-10-06,12:00-14:00,Regular,3,7,0,None,11,8,120,6.67,0,43,250,17.2,139,1,0.335
2026-10-06,14:00-16:00,Regular,3,1,1,None,8,14,120,11.67,0,39,250,15.6,73,0,0.226
2026-10-06,16:00-18:00,Regular,3,8,0,None,14,81,120,67.5,0,13,250,5.2,64,0,0.439
2026-10-06,18:00-20:00,Regular,3,2,0,None,81,83,120,69.17,0,75,250,30.0,108,0,0.581
2026-10-06,20:00-22:00,Regular,3,1,0,None,83,76,120,63.33,0,85,250,34.0,99,0,0.545
2026-10-07,08:00-10:00,Regular,3,0,1,None,20,44,120,36.67,0,32,250,12.8,65,0,0.317
2026-10-07,10:00-12:00,Regular,3,2,0,None,44,25,120,20.83,0,31,250,12.4,55,0,0.225
2026-10-07,12:00-14:00,Regular,3,7,0,None,25,20,120,16.67,0,42,250,16.8,148,1,0.396
2026-10-07,14:00-16:00,Regular,3,0,0,None,20,18,120,15.0,0,38,250,15.2,37,0,0.17
2026-10-07,16:00-18:00,Regular,3,7,0,None,18,79,120,65.83,0,27,250,10.8,43,0,0.401
2026-10-07,18:00-20:00,Regular,3,1,0,None,79,85,120,70.83,0,80,250,32.0,90,0,0.558
2026-10-07,20:00-22:00,Regular,3,2,0,None,85,86,120,71.67,0,69,250,27.6,124,0,0.619
2026-10-08,08:00-10:00,Regular,3,2,0,None,20,44,120,36.67,0,28,250,11.2,43,0,0.271
2026-10-08,10:00-12:00,Regular,3,0,0,None,44,23,120,19.17,0,16,250,6.4,47,0,0.19
2026-10-08,12:00-14:00,Regular,3,7,0,None,23,19,120,15.83,0,56,250,22.4,170,1,0.447
2026-10-08,14:00-16:00,Regular,3,1,0,None,19,20,120,16.67,0,63,250,25.2,39,0,0.201
2026-10-08,16:00-18:00,Regular,3,6,0,None,20,88,120,73.33,0,31,250,12.4,69,0,0.489
2026-10-08,18:00-20:00,Regular,3,2,0,None,88,92,120,76.67,0,77,250,30.8,120,0,0.64
2026-10-08,20:00-22:00,Regular,3,2,0,None,92,71,120,59.17,0,67,250,26.8,108,0,0.53
2026-10-09,08:00-10:00,Fest,1,0,1,Fest,20,42,120,35.0,0,34,250,13.6,70,0,0.321
2026-10-09,10:00-12:00,Fest,1,0,1,Fest,42,26,120,21.67,0,31,250,12.4,55,0,0.229
2026-10-09,12:00-14:00,Fest,1,5,1,Fest,26,21,120,17.5,0,40,250,16.0,175,1,0.451
2026-10-09,14:00-16:00,Fest,1,1,1,Fest,21,30,120,25.0,0,54,250,21.6,83,0,0.317
2026-10-09,16:00-18:00,Fest,1,5,1,Fest,30,82,120,68.33,0,28,250,11.2,86,0,0.497
2026-10-09,18:00-20:00,Fest,1,1,1,Fest,82,88,120,73.33,0,63,250,25.2,143,1,0.658
2026-10-09,20:00-22:00,Fest,1,1,1,Fest,88,76,120,63.33,0,68,250,27.2,129,0,0.59
2026-10-10,08:00-10:00,Fest,1,0,1,Fest,20,48,120,40.0,0,21,250,8.4,71,0,0.335
2026-10-10,10:00-12:00,Fest,1,0,1,Fest,48,33,120,27.5,0,26,250,10.4,70,0,0.281
2026-10-10,12:00-14:00,Fest,1,0,1,Fest,33,32,120,26.67,0,33,250,13.2,132,0,0.403
2026-10-10,14:00-16:00,Fest,1,0,1,Fest,32,33,120,27.5,0,28,250,11.2,63,0,0.269
2026-10-10,16:00-18:00,Fest,1,0,1,Fest,33,83,120,69.17,0,37,250,14.8,54,0,0.446
2026-10-10,18:00-20:00,Fest,1,0,1,Fest,83,102,120,85.0,1,70,250,28.0,143,1,0.717
2026-10-10,20:00-22:00,Fest,1,0,1,Fest,102,97,120,80.83,1,59,250,23.6,126,0,0.656
2026-10-11,08:00-10:00,Fest,1,0,1,Fest,20,54,120,45.0,0,19,250,7.6,70,0,0.354
2026-10-11,10:00-12:00,Fest,1,0,1,Fest,54,41,120,34.17,0,32,250,12.8,65,0,0.306
2026-10-11,12:00-14:00,Fest,1,0,1,Fest,41,42,120,35.0,0,18,250,7.2,148,1,0.46
2026-10-11,14:00-16:00,Fest,1,0,1,Fest,42,31,120,25.83,0,35,250,14.0,44,0,0.23
2026-10-11,16:00-18:00,Fest,1,0,1,Fest,31,91,120,75.83,0,30,250,12.0,53,0,0.468
2026-10-11,18:00-20:00,Fest,1,0,1,Fest,91,99,120,82.5,1,70,250,28.0,142,1,0.703
2026-10-11,20:00-22:00,Fest,1,0,1,Fest,99,80,120,66.67,0,63,250,25.2,144,1,0.63
